NUTS1 Region,LA code,LA name,1998,1999,2000,2001,2002,2003,2004,2005,2006,2007,2008,2009,2010,2011,2012,2013,2014,2015,2016,2017,20183
North East,E06000001,Hartlepool,"1,022","1,073","1,081","1,041","1,102","1,160","1,203","1,237","1,299","1,349","1,428","1,403","1,456","1,508","1,496","1,535","1,557","1,636","1,731","1,728","1,732"
North East,E06000002,Middlesbrough,"1,693","1,799","1,828","1,837","1,925","2,007","2,189","2,303","2,466","2,564","2,646","2,666","2,669","2,733","2,842","2,728","2,762","2,894","3,112","3,215","3,388"
North East,E06000003,Redcar and Cleveland,"1,799","2,229","2,131","2,034","2,102","2,256","2,280","2,176","2,200","2,256","2,339","2,316","2,620","2,667","2,792","2,808","2,544","2,061","2,005","2,061","2,159"
North East,E06000004,Stockton-on-Tees,"2,994","3,105","3,170","3,194","3,400","3,681","3,889","4,046","4,358","4,518","4,681","4,845","4,788","4,817","4,732","4,847","5,448","6,121","6,126","6,040","5,885"
North East,E06000005,Darlington,"1,634","1,668","1,796","1,924","2,067","2,184","2,345","2,335","2,387","2,336","2,407","2,297","2,450","2,522","2,547","2,771","2,937","3,090","2,916","3,223","3,076"
North East,E06000047,County Durham,"5,259","5,500","5,665","5,779","6,128","6,526","6,981","7,260","7,717","8,068","8,380","8,401","8,568","8,542","8,915","9,047","9,052","9,264","9,373","9,693","10,046"
North East,E06000057,Northumberland,"3,488","3,504","3,613","3,811","4,138","4,318","4,587","4,775","4,993","5,109","5,244","5,124","5,277","5,325","5,433","5,546","5,657","5,888","6,147","6,167","6,078"
North East,E08000021,Newcastle upon Tyne,"4,644","4,636","4,783","5,134","5,558","5,867","6,462","6,880","7,312","7,419","7,434","7,349","7,608","8,024","8,382","8,278","8,513","9,061","9,451","9,750","9,881"
North East,E08000022,North Tyneside,"2,293","2,340","2,400","2,616","2,870","3,009","3,247","3,400","3,541","3,638","3,777","3,631","3,813","3,922","3,929","3,976","4,059","4,078","4,283","4,794","5,129"
North East,E08000023,South Tyneside,"1,283","1,292","1,325","1,381","1,443","1,504","1,623","1,726","1,939","2,007","1,969","1,871","1,915","2,076","2,156","2,094","2,251","2,318","2,181","2,141","2,194"
North East,E08000024,Sunderland,"3,776","3,695","3,855","4,036","4,379","4,601","5,005","5,265","5,532","5,646","5,820","5,835","5,820","5,960","6,044","6,813","7,169","7,345","7,453","7,616","8,221"
North East,E08000037,Gateshead,"3,012","2,816","3,005","3,213","3,437","3,588","3,919","4,212","4,438","4,564","4,594","4,382","4,441","4,753","4,706","4,378","4,505","4,458","4,731","4,559","4,854"
North West,E06000008,Blackburn with Darwen,"1,648","1,721","1,753","1,805","1,916","2,059","2,178","2,220","2,318","2,432","2,491","2,445","2,555","2,608","2,684","2,820","2,937","3,231","3,338","3,554","3,509"
North West,E06000009,Blackpool,"1,677","1,766","1,808","1,853","2,020","2,159","2,294","2,338","2,434","2,480","2,277","2,198","2,318","2,338","2,338","2,435","2,519","2,662","2,844","3,044","3,182"
North West,E06000007,Warrington,"3,899","4,005","4,155","4,570","4,765","4,911","5,060","5,363","5,673","5,990","6,111","5,550","5,812","6,011","6,201","6,587","7,008","7,490","7,571","8,061","8,145"
North West,E06000049,Cheshire East,"6,327","6,607","6,854","7,996","8,268","8,158","8,982","9,513","10,188","10,466","10,548","10,076","10,499","10,904","11,855","12,378","13,419","13,274","14,450","14,937","15,853"
North West,E06000050,Cheshire West and Chester,"7,156","8,052","8,229","8,106","8,283","7,972","8,403","9,053","9,164","9,992","10,238","10,774","11,451","10,347","11,038","11,658","11,940","11,669","12,407","13,093","13,428"
North West,E06000006,Halton,"2,150","2,315","2,428","2,527","2,680","2,940","3,048","3,174","3,445","3,357","3,435","3,491","3,658","3,727","3,661","3,785","4,003","4,052","4,111","4,309","4,757"
North West,E07000026,Allerdale,"1,172","1,198","1,251","1,282","1,365","1,390","1,395","1,434","1,573","1,626","1,721","1,707","1,856","1,856","1,863","2,017","2,107","2,120","1,997","2,010","2,062"
North West,E07000027,Barrow-in-Furness,871,837,858,785,844,942,"1,003",951,"1,065","1,179","1,309","1,295","1,345","1,426","1,514","1,554","1,571","1,692","1,727","1,808","1,848"
North West,E07000028,Carlisle,"1,499","1,540","1,624","1,673","1,757","1,919","2,008","2,066","2,262","2,362","2,465","2,438","2,513","2,519","2,530","2,749","2,872","2,978","3,034","3,069","3,093"
North West,E07000029,Copeland,"1,189","1,348","1,041","1,074","1,079","1,162","1,136","1,358","1,446","1,376","1,565","1,471","1,537","1,553","1,525","1,634","1,735","1,796","1,726","1,753","1,825"
North West,E07000030,Eden,797,820,854,873,954,"1,033","1,079","1,130","1,212","1,221","1,263","1,213","1,242","1,242","1,279","1,354","1,385","1,462","1,452","1,490","1,544"
North West,E07000031,South Lakeland,"1,431","1,479","1,521","1,601","1,728","1,907","1,988","2,040","2,211","2,254","2,385","2,461","2,538","2,605","2,712","2,673","2,485","3,248","3,331","3,755","3,656"
North West,E07000117,Burnley,"1,149","1,221","1,257","1,299","1,334","1,427","1,508","1,562","1,616","1,680","1,675","1,557","1,670","1,752","1,881","1,924","2,168","2,139","2,211","2,357","2,546"
North West,E07000118,Chorley,"1,082","1,133","1,186","1,239","1,341","1,436","1,495","1,524","1,567","1,640","1,657","1,607","1,695","1,738","1,827","1,864","1,903","2,073","2,186","2,225","2,343"
North West,E07000119,Fylde,"1,292","1,349","1,400","1,499","1,535","1,691","1,843","1,928","1,911","2,111","2,204","2,134","2,159","2,144","2,433","2,206","1,938","2,016","2,184","2,445","2,325"
North West,E07000120,Hyndburn,940,989,979,"1,014","1,064","1,123","1,173","1,203","1,249","1,329","1,363","1,287","1,331","1,436","1,454","1,551","1,583","1,700","1,829","1,793","1,706"
North West,E07000121,Lancaster,"1,759","1,793","1,768","1,795","1,945","2,157","2,298","2,485","2,674","2,759","2,790","2,482","2,513","2,609","2,716","3,041","3,113","3,093","3,095","3,092","3,172"
North West,E07000122,Pendle,"1,596","1,775","1,867","1,954","1,961","2,139","2,293","2,445","2,463","2,477","2,368","2,003","1,974","2,121","2,026","2,161","2,140","2,461","2,484","2,344","2,517"
North West,E07000123,Preston,"2,209","2,269","2,314","2,458","2,706","2,977","3,014","3,103","3,543","3,648","3,552","3,516","3,705","4,203","4,077","3,933","4,098","4,347","4,818","4,696","4,969"
North West,E07000124,Ribble Valley,833,863,870,897,962,"1,029","1,072","1,086","1,120","1,141","1,200","1,190","1,208","1,258","1,316","1,454","1,545","1,590","1,519","1,698","1,729"
North West,E07000125,Rossendale,664,679,685,699,741,797,830,834,867,915,945,911,957,"1,023","1,025","1,127","1,150","1,227","1,265","1,285","1,272"
North West,E07000126,South Ribble,"2,286","2,401","2,503","2,542","2,709","2,892","3,019","3,090","3,088","3,326","3,419","3,264","3,331","3,447","3,689","3,816","4,370","4,597","4,864","4,863","5,090"
North West,E07000127,West Lancashire,"1,483","1,541","1,562","1,608","1,711","1,828","1,930","1,962","2,003","2,077","2,107","2,066","2,151","2,223","2,275","2,254","2,278","2,432","2,665","2,738","2,814"
North West,E07000128,Wyre,"1,041","1,067","1,100","1,143","1,214","1,300","1,386","1,414","1,450","1,487","1,520","1,458","1,534","1,592","1,565","1,643","1,663","1,748","1,892","1,852","1,950"
North West,E08000001,Bolton,"3,589","3,726","3,732","3,931","4,037","4,237","4,432","4,736","4,941","5,214","5,223","5,216","5,306","5,469","5,333","5,666","6,484","6,038","6,288","6,713","6,943"
North West,E08000002,Bury,"1,938","2,006","2,074","2,187","2,317","2,439","2,522","2,641","2,817","2,933","2,941","2,886","2,986","3,033","3,179","3,284","3,139","3,348","3,506","3,546","3,625"
North West,E08000003,Manchester,"9,539","9,929","10,186","10,945","11,595","12,316","13,216","14,271","15,324","16,376","16,635","17,077","17,586","17,879","18,649","18,772","19,639","20,570","22,095","23,722","24,523"
North West,E08000004,Oldham,"2,182","2,260","2,310","2,402","2,524","2,606","2,729","2,880","3,033","3,171","3,269","3,227","3,319","3,412","3,383","3,566","3,683","3,917","4,013","4,373","4,284"
North West,E08000005,Rochdale,"2,225","2,325","2,394","2,502","2,568","2,681","2,780","2,903","3,010","3,146","3,173","3,149","3,276","3,201","3,449","3,568","3,511","3,737","3,715","3,860","3,898"
North West,E08000006,Salford,"3,410","3,508","3,577","3,763","3,952","4,207","4,527","4,873","5,162","5,491","5,545","5,559","5,632","5,784","6,500","7,189","7,576","7,715","7,544","7,719","8,427"
North West,E08000007,Stockport,"4,116","4,248","4,350","4,539","4,726","4,943","5,161","5,318","5,557","5,815","6,076","6,084","6,145","6,219","6,431","6,440","6,367","6,584","6,870","7,495","7,675"
North West,E08000008,Tameside,"2,212","2,297","2,360","2,420","2,493","2,582","2,658","2,800","2,936","3,055","3,112","3,095","3,206","3,259","3,378","3,499","3,663","3,714","3,761","3,774","3,854"
North West,E08000009,Trafford,"4,909","4,958","5,174","5,611","5,878","6,345","6,542","6,728","7,111","7,228","7,452","7,028","7,113","7,580","7,688","8,163","8,064","8,524","9,038","9,291","9,765"
North West,E08000010,Wigan,"3,182","3,334","3,449","3,599","3,731","3,862","4,007","4,185","4,389","4,569","4,511","4,414","4,569","4,639","4,743","5,092","5,180","5,593","5,662","5,791","5,924"
North West,E08000011,Knowsley,"1,961","2,017","2,034","2,192","2,315","2,464","2,547","2,542","2,751","2,846","2,874","2,863","3,007","3,063","3,045","3,272","3,451","3,641","3,946","4,140","4,276"
North West,E08000013,St. Helens,"1,777","1,943","2,027","2,141","2,282","2,389","2,485","2,551","2,747","2,810","2,747","2,735","2,835","2,819","2,759","2,838","2,970","3,053","3,017","3,152","3,176"
North West,E08000012,Liverpool,"6,565","6,965","7,317","7,787","8,373","9,241","9,776","10,338","11,293","11,368","11,725","12,281","12,257","12,504","12,351","12,575","13,287","13,595","13,911","14,255","14,850"
North West,E08000014,Sefton,"2,512","2,731","2,838","3,013","3,286","3,503","3,666","3,739","3,985","4,049","3,955","4,074","4,158","4,074","3,977","4,106","4,294","4,347","4,662","4,795","4,916"
North West,E08000015,Wirral,"3,283","3,413","3,472","3,832","4,138","4,690","4,793","4,661","5,113","5,206","5,147","5,134","4,987","5,470","5,309","5,220","5,471","5,788","5,720","6,096","5,982"
Yorkshire and The Humber,E06000010,"Kingston upon Hull, City of","3,737","3,792","4,025","4,168","4,491","4,837","4,896","5,151","5,632","5,697","6,153","6,149","5,865","5,765","5,787","5,897","6,006","6,260","6,494","6,740","6,859"
Yorkshire and The Humber,E06000011,East Riding of Yorkshire,"3,960","3,997","4,103","4,296","4,626","4,898","5,271","5,431","5,870","5,981","6,014","5,880","5,816","5,958","6,178","6,312","6,649","6,972","6,920","7,407","7,807"
Yorkshire and The Humber,E06000012,North East Lincolnshire,"1,889","1,942","2,059","2,169","2,254","2,347","2,441","2,528","2,730","2,886","2,875","2,822","2,838","2,945","2,972","3,068","3,276","3,448","3,523","3,603","3,451"
Yorkshire and The Humber,E06000013,North Lincolnshire,"3,665","4,071","4,283","4,000","4,420","4,799","4,938","5,154","5,335","5,783","5,874","5,643","6,028","5,818","5,641","5,629","5,736","5,914","6,075","6,496","6,610"
Yorkshire and The Humber,E06000014,York,"3,386","3,517","3,689","3,947","4,380","4,763","5,145","5,247","5,193","5,463","5,450","5,231","5,395","5,690","5,886","6,073","6,201","6,215","6,408","6,702","7,050"
Yorkshire and The Humber,E07000163,Craven,687,713,733,789,878,944,988,"1,009","1,060","1,150","1,154","1,141","1,179","1,217","1,241","1,264","1,335","1,377","1,433","1,624","1,654"
Yorkshire and The Humber,E07000164,Hambleton,"1,296","1,324","1,362","1,462","1,609","1,710","1,819","1,888","1,907","1,998","2,034","1,958","1,979","2,047","2,045","2,265","2,251","2,319","2,387","2,452","2,472"
Yorkshire and The Humber,E07000165,Harrogate,"2,110","2,219","2,336","2,507","2,785","2,955","3,064","3,132","3,237","3,482","3,526","3,372","3,456","3,668","3,665","3,867","3,934","4,084","4,337","4,722","4,712"
Yorkshire and The Humber,E07000166,Richmondshire,457,476,494,528,581,632,673,689,700,736,747,721,738,786,796,866,852,855,886,962,978
Yorkshire and The Humber,E07000167,Ryedale,618,648,676,721,791,877,898,920,935,969,985,926,949,"1,024","1,135","1,139","1,250","1,264","1,383","1,466","1,448"
Yorkshire and The Humber,E07000168,Scarborough,"1,196","1,204","1,264","1,326","1,445","1,545","1,659","1,721","1,755","1,827","1,863","1,840","1,838","1,938","1,948","1,951","2,025","2,067","2,114","2,296","2,317"
Yorkshire and The Humber,E07000169,Selby,"1,552","1,578","1,666","1,708","1,856","1,947","1,957","2,002","2,243","2,356","2,423","2,487","2,379","2,374","2,487","2,494","2,453","2,520","2,551","2,585","2,737"
Yorkshire and The Humber,E08000016,Barnsley,"2,343","2,329","2,395","2,562","2,636","2,784","2,956","3,061","3,244","3,454","3,356","3,245","3,398","3,529","3,682","3,866","3,997","3,996","4,081","4,302","4,499"
Yorkshire and The Humber,E08000017,Doncaster,"3,019","3,071","3,155","3,310","3,500","3,704","3,954","4,066","4,355","4,635","4,643","4,408","4,636","4,738","4,852","5,044","5,263","5,775","5,904","6,432","6,609"
Yorkshire and The Humber,E08000018,Rotherham,"2,783","2,790","2,897","3,054","3,241","3,423","3,552","3,679","3,859","4,114","4,090","3,919","4,153","4,314","4,584","4,702","4,983","5,149","5,388","5,364","5,567"
Yorkshire and The Humber,E08000019,Sheffield,"7,064","7,131","7,468","7,927","8,555","9,142","9,654","10,111","10,725","11,440","11,216","11,189","11,554","12,035","12,238","12,644","12,843","13,153","13,569","14,085","14,334"
Yorkshire and The Humber,E08000032,Bradford,"5,655","5,977","6,046","6,313","6,521","6,908","7,301","7,679","7,984","8,379","8,526","8,401","8,546","8,971","9,424","9,685","9,808","10,259","10,569","11,056","10,982"
Yorkshire and The Humber,E08000033,Calderdale,"2,490","2,555","2,591","2,740","2,793","2,993","3,193","3,500","3,651","3,891","3,703","3,587","3,678","3,855","4,006","4,251","4,781","5,087","5,141","5,229","5,364"
Yorkshire and The Humber,E08000034,Kirklees,"4,521","4,736","4,827","5,013","5,124","5,385","5,662","5,925","6,167","6,450","6,496","6,309","6,423","6,657","6,917","7,174","7,536","7,837","8,146","8,504","8,661"
Yorkshire and The Humber,E08000035,Leeds,"13,594","14,385","14,783","15,435","16,201","17,543","18,583","19,937","21,082","22,388","22,122","21,901","22,220","23,062","23,394","23,920","24,629","25,795","26,400","27,034","28,805"
Yorkshire and The Humber,E08000036,Wakefield,"4,729","4,795","4,940","5,223","5,294","5,517","5,750","5,995","6,244","6,431","6,603","6,288","6,241","6,592","7,013","7,371","7,483","7,889","8,168","8,344","8,781"
East Midlands,E06000015,Derby,"4,135","4,376","4,565","4,794","5,082","5,278","5,689","6,181","6,404","6,610","6,470","6,475","6,557","6,949","6,870","7,057","7,093","7,360","7,405","7,228","7,872"
East Midlands,E06000016,Leicester,"4,332","4,436","4,680","4,723","4,869","5,222","5,562","5,846","6,226","6,543","6,759","6,636","6,956","7,174","7,099","7,388","7,916","8,306","8,838","9,031","9,205"
East Midlands,E06000017,Rutland,473,498,527,550,571,593,613,638,675,693,717,692,758,724,754,726,733,773,832,863,857
East Midlands,E06000018,Nottingham,"5,642","5,857","5,925","6,111","6,397","6,808","7,302","7,572","8,062","8,475","8,898","8,694","8,990","9,427","9,770","10,098","10,763","10,986","10,715","11,273","11,413"
East Midlands,E07000032,Amber Valley,"1,718","1,737","1,728","1,765","1,863","1,905","1,976","2,092","2,165","2,249","2,283","2,167","2,302","2,329","2,340","2,439","2,531","2,570","2,731","2,804","2,806"
East Midlands,E07000033,Bolsover,"2,276","2,231","2,302","2,097","1,884","1,935","1,821","1,632","1,716","1,889","2,396","2,164","2,258","2,473","2,588","2,770","3,027","3,076","3,615","3,586","2,975"
East Midlands,E07000034,Chesterfield,"1,231","1,277","1,307","1,390","1,463","1,530","1,655","1,782","1,857","1,896","1,923","1,865","2,079","2,124","2,232","2,207","2,261","2,444","2,500","2,566","2,699"
East Midlands,E07000035,Derbyshire Dales,984,"1,030","1,044","1,088","1,131","1,168","1,223","1,284","1,317","1,354","1,384","1,316","1,470","1,539","1,615","1,575","1,637","1,602","1,763","1,890","1,929"
East Midlands,E07000036,Erewash,998,"1,027","1,047","1,086","1,138","1,166","1,217","1,287","1,353","1,384","1,390","1,328","1,429","1,520","1,547","1,617","1,616","1,688","1,793","1,877","1,832"
East Midlands,E07000037,High Peak,"1,164","1,196","1,177","1,201","1,284","1,353","1,433","1,467","1,451","1,456","1,452","1,368","1,420","1,498","1,519","1,473","1,464","1,526","1,616","1,709","1,687"
East Midlands,E07000038,North East Derbyshire,795,838,851,875,905,950,987,"1,048","1,084","1,106","1,143","1,089","1,177","1,239","1,255","1,308","1,411","1,547","1,556","1,582","2,334"
East Midlands,E07000039,South Derbyshire,"1,428","1,454","1,451","1,444","1,535","1,638","1,711","1,852","1,833","1,838","1,891","1,777","2,053","2,152","2,212","2,657","2,780","2,652","2,978","3,080","2,719"
East Midlands,E07000129,Blaby,"1,583","1,569","1,687","1,727","1,829","1,982","2,238","2,381","2,553","2,780","2,907","3,042","3,052","2,964","3,276","3,562","3,729","3,700","3,652","3,847","4,173"
East Midlands,E07000130,Charnwood,"1,994","2,082","2,197","2,431","2,545","2,666","2,804","2,923","3,104","3,139","3,303","3,188","3,310","3,291","3,379","3,354","3,439","3,579","3,888","3,899","4,004"
East Midlands,E07000131,Harborough,"1,195","1,261","1,312","1,327","1,394","1,511","1,576","1,641","1,768","1,859","1,894","1,790","1,909","1,910","1,998","1,811","1,968","2,118","2,167","2,340","2,366"
East Midlands,E07000132,Hinckley and Bosworth,"1,249","1,269","1,359","1,400","1,453","1,518","1,573","1,607","1,776","1,864","1,956","1,802","1,920","1,956","2,077","2,238","2,365","2,407","2,427","2,586","2,573"
East Midlands,E07000133,Melton,694,697,732,759,812,817,825,833,902,951,969,963,"1,031","1,018","1,068","1,098","1,076","1,215","1,268","1,257","1,331"
East Midlands,E07000134,North West Leicestershire,"1,734","1,759","1,858","1,906","2,020","2,138","2,179","2,281","2,479","2,633","2,669","2,560","2,739","2,728","2,920","3,204","3,357","3,490","3,605","3,636","3,982"
East Midlands,E07000135,Oadby and Wigston,567,587,611,632,649,685,719,730,778,804,835,816,845,843,891,924,884,933,943,929,974
East Midlands,E07000136,Boston,734,745,790,865,909,961,941,990,"1,043","1,095","1,130","1,106","1,143","1,202","1,223","1,339","1,415","1,432","1,521","1,574","1,584"
East Midlands,E07000137,East Lindsey,"1,312","1,347","1,393","1,513","1,606","1,675","1,687","1,756","1,898","1,948","2,054","1,965","2,045","2,157","2,219","2,381","2,354","2,466","2,495","2,573","2,522"
East Midlands,E07000138,Lincoln,"1,459","1,625","1,590","2,056","2,478","2,609","2,602","2,876","2,938","3,104","2,668","3,113","3,210","3,027","3,192","3,269","3,233","3,352","3,178","3,155","3,496"
East Midlands,E07000139,North Kesteven,"1,285","1,323","1,360","1,475","1,566","1,634","1,599","1,653","1,780","1,864","1,937","1,858","1,907","1,968","2,116","2,148","2,231","2,248","2,270","2,519","2,534"
East Midlands,E07000140,South Holland,"1,115","1,149","1,191","1,309","1,341","1,393","1,352","1,387","1,471","1,546","1,579","1,564","1,599","1,649","1,766","1,886","1,924","1,973","2,123","2,271","2,369"
East Midlands,E07000141,South Kesteven,"1,605","1,637","1,691","1,851","1,950","2,098","2,099","2,197","2,345","2,504","2,622","2,527","2,617","2,664","2,816","2,964","3,131","3,078","3,189","3,375","3,388"
East Midlands,E07000142,West Lindsey,796,812,884,934,978,"1,034","1,034","1,072","1,135","1,184","1,257","1,186","1,227","1,263","1,363","1,488","1,553","1,569","1,564","1,622","1,733"
East Midlands,E07000150,Corby,859,868,919,946,944,"1,017","1,049","1,070","1,141","1,222","1,267","1,224","1,311","1,302","1,375","1,467","1,584","1,621","2,017","2,366","2,303"
East Midlands,E07000151,Daventry,"1,266","1,241","1,298","1,351","1,353","1,410","1,405","1,463","1,598","1,690","1,776","1,637","1,756","1,798","1,868","1,982","2,059","2,096","2,192","2,330","2,545"
East Midlands,E07000152,East Northamptonshire,788,831,865,895,913,971,"1,020","1,049","1,124","1,186","1,210","1,150","1,207","1,233","1,229","1,279","1,305","1,412","1,486","1,525","1,601"
East Midlands,E07000153,Kettering,"1,115","1,147","1,191","1,221","1,247","1,334","1,399","1,430","1,535","1,607","1,663","1,619","1,722","1,744","1,906","2,006","2,110","2,136","2,261","2,358","2,475"
East Midlands,E07000154,Northampton,"3,737","3,869","4,278","4,359","4,443","4,731","5,236","5,671","6,298","6,592","6,626","6,571","6,680","6,935","6,928","7,344","7,677","8,111","8,186","8,324","8,453"
East Midlands,E07000155,South Northamptonshire,930,983,"1,060","1,120","1,161","1,222","1,245","1,302","1,416","1,473","1,530","1,459","1,517","1,536","1,619","1,753","1,825","1,873","2,015","2,124","2,178"
East Midlands,E07000156,Wellingborough,"1,043","1,062","1,122","1,154","1,173","1,218","1,251","1,322","1,372","1,444","1,493","1,433","1,532","1,521","1,607","1,676","1,756","1,787","1,873","1,985","1,999"
East Midlands,E07000170,Ashfield,"1,650","1,624","1,625","1,682","1,747","1,784","1,900","2,014","2,134","2,221","2,305","2,241","2,319","2,395","2,325","2,625","2,821","2,770","2,840","2,818","2,957"
East Midlands,E07000171,Bassetlaw,"1,269","1,337","1,371","1,416","1,487","1,570","1,655","1,727","1,801","1,855","1,889","1,851","1,938","2,023","2,139","2,252","2,260","2,358","2,418","2,393","2,508"
East Midlands,E07000172,Broxtowe,"1,450","1,550","1,552","1,529","1,598","1,627","1,679","1,803","1,862","1,907","1,957","1,923","2,087","2,236","2,319","2,371","2,388","2,514","2,506","2,699","2,783"
East Midlands,E07000173,Gedling,"1,174","1,232","1,241","1,272","1,340","1,350","1,385","1,471","1,516","1,604","1,661","1,516","1,630","1,704","1,886","1,949","1,760","1,854","1,906","2,002","2,030"
East Midlands,E07000174,Mansfield,956,999,996,"1,025","1,078","1,144","1,234","1,307","1,363","1,417","1,446","1,365","1,420","1,492","1,520","1,526","1,582","1,644","1,702","1,742","1,838"
East Midlands,E07000175,Newark and Sherwood,"1,341","1,431","1,462","1,485","1,554","1,654","1,720","1,797","1,885","1,938","1,978","1,939","2,032","2,158","2,291","2,331","2,369","2,507","2,588","2,677","2,795"
East Midlands,E07000176,Rushcliffe,"1,403","1,480","1,515","1,619","1,631","1,659","1,757","1,843","1,925","2,053","2,147","2,051","2,053","2,081","2,130","2,275","2,305","2,270","2,442","2,593","2,823"
West Midlands,E06000019,"Herefordshire, County of","2,541","2,679","2,840","2,944","3,101","3,157","2,988","3,053","3,192","3,291","3,436","3,315","3,344","3,585","3,745","3,863","4,191","4,120","4,283","4,437","4,478"
West Midlands,E06000020,Telford and Wrekin,"2,776","2,837","2,893","3,040","3,180","3,326","3,424","3,547","3,636","3,771","3,898","3,650","3,839","3,898","3,727","3,848","3,939","3,976","4,582","5,113","5,386"
West Midlands,E06000021,Stoke-on-Trent,"2,958","3,043","3,097","3,162","3,326","3,521","3,794","3,968","4,277","4,444","4,749","4,655","4,802","4,957","5,084","6,486","6,570","6,674","7,301","7,823","8,013"
West Midlands,E06000051,Shropshire,"4,421","4,651","4,932","5,326","5,666","5,915","6,127","6,213","6,294","6,392","6,325","6,404","6,751","6,821","6,915","6,362","6,506","6,699","7,093","7,382","7,465"
West Midlands,E07000192,Cannock Chase,"1,223","1,245","1,288","1,340","1,418","1,471","1,523","1,603","1,664","1,707","1,736","1,618","1,662","1,722","1,870","1,901","2,037","2,125","2,074","2,215","2,364"
West Midlands,E07000193,East Staffordshire,"2,498","2,535","2,549","2,557","2,697","2,845","3,196","3,322","3,470","3,605","3,724","3,448","3,690","3,872","4,136","4,237","4,200","4,521","4,439","4,178","4,188"
West Midlands,E07000194,Lichfield,"1,475","1,491","1,557","1,633","1,770","1,890","2,012","2,104","2,129","2,131","2,223","2,142","2,294","2,391","2,089","2,162","2,309","2,492","2,574","2,668","2,521"
West Midlands,E07000195,Newcastle-under-Lyme,"1,308","1,337","1,353","1,401","1,471","1,538","1,646","1,721","1,775","1,824","1,902","1,816","1,907","1,989","2,071","2,102","2,189","2,303","2,332","2,352","2,418"
West Midlands,E07000196,South Staffordshire,"1,075","1,104","1,130","1,166","1,228","1,285","1,325","1,349","1,404","1,427","1,474","1,385","1,472","1,529","1,558","1,643","1,626","1,720","1,839","1,947","2,317"
West Midlands,E07000197,Stafford,"1,728","1,731","1,794","1,871","1,981","2,081","2,144","2,219","2,312","2,385","2,487","2,385","2,495","2,620","3,081","3,044","3,152","3,037","3,219","3,248","3,491"
West Midlands,E07000198,Staffordshire Moorlands,"1,009","1,027","1,026","1,038","1,106","1,170","1,224","1,267","1,326","1,371","1,402","1,305","1,384","1,420","1,457","1,593","1,612","1,571","1,539","1,632","1,709"
West Midlands,E07000199,Tamworth,905,937,960,"1,017","1,065","1,111","1,180","1,220","1,263","1,304","1,310","1,242","1,307","1,336","1,341","1,337","1,414","1,511","1,613","1,681","1,791"
West Midlands,E07000218,North Warwickshire,"1,355","1,455","1,500","1,503","1,547","1,622","1,675","1,746","1,856","1,855","1,883","1,814","1,922","2,037","2,249","2,397","2,416","2,653","2,656","2,731","3,160"
West Midlands,E07000219,Nuneaton and Bedworth,"1,035","1,095","1,130","1,164","1,196","1,242","1,313","1,365","1,446","1,473","1,530","1,430","1,486","1,704","1,761","1,977","2,127","2,255","2,174","2,453","2,495"
West Midlands,E07000220,Rugby,"1,586","1,729","1,778","1,848","1,916","2,029","2,180","2,230","2,394","2,457","2,519","2,335","2,460","2,690","2,616","2,589","2,818","2,875","3,030","3,314","3,371"
West Midlands,E07000221,Stratford-on-Avon,"2,017","2,181","2,358","2,407","2,501","2,532","2,571","2,883","3,097","3,179","3,242","2,994","3,195","3,457","3,787","4,155","4,220","4,372","4,527","5,089","5,212"
West Midlands,E07000222,Warwick,"2,590","2,773","2,849","2,915","3,089","3,438","3,585","3,703","3,957","4,011","4,143","4,115","4,264","4,480","4,509","5,071","5,518","5,887","6,314","6,696","6,941"
West Midlands,E07000234,Bromsgrove,"1,352","1,385","1,466","1,511","1,533","1,673","1,840","1,976","2,087","1,971","2,099","2,159","2,182","2,342","2,675","2,706","2,688","2,595","2,741","3,171","3,132"
West Midlands,E07000235,Malvern Hills,871,934,960,"1,014","1,118","1,153","1,196","1,197","1,248","1,304","1,355","1,298","1,371","1,435","1,467","1,456","1,552","1,547","1,546","1,636","1,712"
West Midlands,E07000236,Redditch,"1,185","1,180","1,278","1,217","1,229","1,359","1,384","1,416","1,530","1,590","1,724","1,553","1,628","1,761","1,824","1,860","2,071","2,263","2,451","2,451","2,480"
West Midlands,E07000237,Worcester,"1,537","1,617","1,695","1,717","1,777","1,901","2,024","2,068","2,213","2,253","2,312","2,257","2,337","2,441","2,683","2,878","2,943","3,211","2,833","3,018","3,083"
West Midlands,E07000238,Wychavon,"1,449","1,537","1,608","1,665","1,694","1,784","1,855","1,899","2,016","2,063","2,167","2,036","2,085","2,202","2,316","2,459","2,596","2,744","2,709","2,849","2,959"
West Midlands,E07000239,Wyre Forest,945,994,"1,023","1,040","1,079","1,126","1,175","1,216","1,291","1,322","1,347","1,281","1,304","1,343","1,395","1,437","1,488","1,574","1,619","1,565","1,693"
West Midlands,E08000025,Birmingham,"15,703","16,106","16,555","17,153","17,968","18,906","19,963","21,012","21,490","22,513","22,806","22,196","22,884","23,596","23,830","25,785","27,072","27,694","29,346","30,114","31,920"
West Midlands,E08000026,Coventry,"4,972","5,080","5,198","5,445","5,590","5,904","6,177","6,521","6,591","6,918","7,024","6,953","7,320","7,707","8,286","8,554","9,312","10,002","10,487","10,177","10,445"
West Midlands,E08000027,Dudley,"3,668","3,836","3,863","4,045","4,177","4,263","4,459","4,627","4,841","4,981","5,014","4,731","4,898","5,145","5,266","5,241","5,381","5,564","5,749","6,118","6,449"
West Midlands,E08000028,Sandwell,"3,657","3,740","3,759","3,881","4,031","4,250","4,465","4,607","4,872","4,895","4,926","4,879","5,013","4,966","5,013","5,218","5,768","6,084","6,331","6,571","7,083"
West Midlands,E08000029,Solihull,"4,484","4,572","4,811","5,051","5,162","5,354","5,473","5,704","5,885","6,070","6,010","5,560","6,186","6,487","6,745","7,013","7,349","8,170","9,270","9,895","10,601"
West Midlands,E08000030,Walsall,"3,739","3,873","3,763","3,633","3,629","3,727","3,985","4,223","4,451","4,653","4,925","4,666","4,785","5,134","5,046","4,943","5,341","5,470","5,461","5,938","5,501"
West Midlands,E08000031,Wolverhampton,"3,322","3,446","3,531","3,689","3,831","3,991","4,216","4,448","4,628","4,719","4,728","4,596","4,831","5,079","5,302","5,349","5,120","4,876","5,067","5,298","5,453"
East of England,E06000031,Peterborough,"3,224","3,329","3,411","3,586","3,728","3,940","4,182","4,635","4,986","5,271","5,180","4,787","5,006","5,233","5,505","5,169","5,593","5,598","5,973","6,535","7,240"
East of England,E06000032,Luton,"3,398","3,525","3,712","3,842","4,024","4,250","4,303","4,536","4,883","5,094","5,341","5,089","5,241","5,263","5,105","5,672","6,369","6,695","7,090","7,104","7,524"
East of England,E06000033,Southend-on-Sea,"1,681","1,737","1,827","1,936","2,039","2,219","2,338","2,414","2,575","2,699","2,744","2,717","2,797","2,884","2,908","2,959","3,102","3,198","3,182","3,362","3,449"
East of England,E06000034,Thurrock,"4,374","4,558","4,484","4,348","3,599","4,253","4,415","4,858","5,214","4,967","5,011","4,941","5,262","5,384","4,440","3,375","3,645","3,950","4,394","4,975","4,749"
East of England,E06000055,Bedford,"2,303","2,440","2,536","2,648","2,792","2,955","3,062","3,279","3,459","3,563","3,729","3,605","3,655","3,681","3,779","3,893","4,197","4,310","6,015","5,326","5,811"
East of England,E06000056,Central Bedfordshire,"3,255","3,420","3,644","3,772","3,963","4,139","4,256","4,436","4,632","4,764","4,916","4,703","4,831","5,045","5,267","5,416","5,895","5,925","6,350","6,969","7,319"
East of England,E07000008,Cambridge,"2,474","2,632","2,761","2,952","3,113","3,264","3,447","3,714","4,070","4,257","4,399","4,495","4,596","4,762","5,252","5,490","5,659","6,132","5,991","6,071","6,483"
East of England,E07000009,East Cambridgeshire,"1,019","1,058","1,091","1,169","1,267","1,298","1,288","1,349","1,417","1,441","1,512","1,512","1,554","1,634","1,664","1,738","1,810","1,925","1,978","2,109","2,123"
East of England,E07000010,Fenland,983,"1,025","1,091","1,153","1,223","1,273","1,306","1,354","1,419","1,453","1,485","1,497","1,570","1,632","1,725","1,808","1,953","1,911","1,953","2,041","2,096"
East of England,E07000011,Huntingdonshire,"2,268","2,396","2,513","2,638","2,767","2,901","2,989","3,121","3,372","3,484","3,574","3,516","3,723","3,823","3,888","3,951","4,119","4,281","4,609","4,696","4,874"
East of England,E07000012,South Cambridgeshire,"2,404","2,549","2,647","2,792","2,990","3,096","3,249","3,385","3,662","3,835","3,945","3,854","4,069","4,182","4,370","4,292","4,618","4,790","5,191","5,649","5,946"
East of England,E07000066,Basildon,"3,155","3,132","3,378","3,570","3,697","4,040","4,064","4,192","4,416","4,597","4,780","4,411","4,772","4,885","5,051","5,521","5,883","5,746","5,908","6,146","6,452"
East of England,E07000067,Braintree,"1,712","1,731","1,836","1,941","1,988","2,211","2,260","2,332","2,439","2,531","2,550","2,475","2,578","2,595","2,626","2,706","3,010","3,281","3,908","4,380","4,152"
East of England,E07000068,Brentwood,"1,349","1,359","1,464","1,605","1,677","1,809","1,841","1,933","2,042","2,217","2,167","2,109","2,166","2,194","2,231","2,274","2,739","3,111","3,106","3,276","3,532"
East of England,E07000069,Castle Point,649,663,697,737,770,837,850,869,904,944,964,912,959,980,"1,026","1,036","1,109","1,174","1,176","1,277","1,262"
East of England,E07000070,Chelmsford,"2,881","2,909","3,064","3,273","3,379","3,692","3,786","3,917","4,036","4,238","4,233","4,175","4,288","4,410","4,668","4,730","4,992","4,835","4,781","5,003","5,353"
East of England,E07000071,Colchester,"2,007","2,056","2,192","2,379","2,484","2,713","2,774","2,900","3,043","3,202","3,261","3,196","3,400","3,553","3,700","3,759","3,948","4,249","4,279","4,537","4,680"
East of England,E07000072,Epping Forest,"1,821","1,930","2,015","2,188","2,360","2,544","2,616","2,671","2,905","3,054","3,033","3,062","3,180","3,238","3,098","3,139","3,207","3,512","4,110","4,345","4,521"
East of England,E07000073,Harlow,"1,423","1,449","1,480","1,540","1,618","1,788","1,897","1,992","2,081","2,150","2,136","1,888","1,983","1,854","2,005","2,067","2,104","2,151","2,210","2,484","2,483"
East of England,E07000074,Maldon,694,720,762,801,821,881,890,900,937,954,980,919,998,984,"1,021","1,042","1,042","1,078","1,117","1,219","1,221"
East of England,E07000075,Rochford,711,718,745,783,804,870,886,919,968,999,"1,023",974,"1,021","1,054","1,093","1,143","1,244","1,259","1,354","1,380","1,371"
East of England,E07000076,Tendring,"1,338","1,404","1,472","1,523","1,514","1,696","1,741","1,808","1,908","1,962","1,969","1,858","1,938","2,034","2,338","2,841","2,724","2,775","3,073","3,759","3,800"
East of England,E07000077,Uttlesford,"1,134","1,215","1,281","1,343","1,408","1,509","1,531","1,596","1,683","1,727","1,775","1,719","1,815","1,887","2,048","2,146","2,173","2,356","2,344","2,361","2,458"
East of England,E07000095,Broxbourne,"1,451","1,576","1,650","1,724","1,777","1,897","1,908","2,050","2,187","2,299","2,519","2,409","2,353","2,366","2,469","2,726","2,991","2,920","2,605","2,601","2,692"
East of England,E07000096,Dacorum,"2,370","2,486","2,633","2,768","2,910","3,065","3,176","3,348","3,464","3,605","3,703","3,531","3,563","3,708","3,867","3,832","3,911","4,093","4,297","4,760","4,867"
East of England,E07000098,Hertsmere,"1,876","1,976","2,038","2,139","2,194","2,354","2,463","2,681","2,680","2,878","2,998","2,975","2,891","2,953","3,165","3,499","3,642","3,835","4,321","4,639","4,771"
East of England,E07000099,North Hertfordshire,"1,844","1,930","2,057","2,152","2,236","2,370","2,417","2,569","2,584","2,667","2,754","2,663","2,719","2,807","2,860","3,117","3,132","3,338","3,454","3,783","3,850"
East of England,E07000102,Three Rivers,"2,063","2,177","2,231","2,320","2,374","2,550","2,624","2,659","2,681","2,803","2,858","2,780","2,865","3,059","2,918","3,217","3,653","3,852","4,386","4,851","5,328"
East of England,E07000103,Watford,"1,966","2,067","2,196","2,314","2,442","2,607","2,771","2,915","3,061","3,241","3,311","3,274","3,209","3,320","3,688","4,027","4,342","4,642","5,062","5,571","5,600"
East of England,E07000143,Breckland,"1,313","1,369","1,498","1,647","2,177","1,959","1,749","1,808","1,962","1,993","2,067","2,071","2,111","2,202","2,186","2,348","2,520","2,711","2,685","2,870","2,726"
East of England,E07000144,Broadland,"1,476","1,509","1,609","1,673","1,781","1,885","1,929","1,993","2,209","2,266","2,460","2,572","2,600","2,598","2,618","2,770","2,845","3,123","3,426","3,746","3,771"
East of England,E07000145,Great Yarmouth,"1,130","1,160","1,220","1,270","1,342","1,416","1,495","1,540","1,676","1,719","1,801","1,758","1,811","1,891","2,062","2,160","2,247","2,205","2,035","1,972","2,026"
East of England,E07000146,King's Lynn and West Norfolk,"1,628","1,693","1,764","1,854","1,969","2,058","2,113","2,220","2,340","2,426","2,494","2,484","2,596","2,697","2,913","3,234","3,238","3,333","3,463","3,526","3,554"
East of England,E07000147,North Norfolk,956,997,"1,052","1,110","1,171","1,221","1,264","1,316","1,373","1,407","1,456","1,416","1,466","1,518","1,559","1,573","1,665","1,678","1,773","1,843","1,866"
East of England,E07000148,Norwich,"2,003","2,116","2,264","2,384","2,494","2,636","2,785","2,998","3,238","3,336","3,346","3,314","3,382","3,513","3,634","3,999","4,100","4,152","4,244","4,461","4,674"
East of England,E07000149,South Norfolk,"1,441","1,527","1,663","1,762","2,142","2,094","2,028","2,115","2,261","2,319","2,345","2,289","2,381","2,482","2,656","2,563","2,758","2,732","2,819","2,897","2,988"
East of England,E07000200,Babergh,"1,086","1,124","1,190","1,245","1,302","1,353","1,379","1,416","1,503","1,543","1,569","1,516","1,611","1,664","1,690","1,790","1,842","1,822","1,902","1,946","2,005"
East of England,E07000202,Ipswich,"2,463","2,537","2,609","2,737","2,804","3,007","3,258","3,696","3,897","4,025","3,889","3,680","3,672","3,869","3,873","4,407","4,723","4,922","5,300","5,281","5,521"
East of England,E07000203,Mid Suffolk,"1,383","1,452","1,550","1,638","1,696","1,732","1,805","1,886","1,868","1,813","1,908","1,861","1,982","2,203","2,288","2,261","2,319","2,256","2,147","2,350","2,370"
East of England,E07000240,St Albans,"2,108","2,174","2,364","2,484","2,710","2,930","3,509","3,382","3,232","3,809","3,952","3,812","3,911","3,855","4,439","5,133","5,628","5,882","4,545","4,645","4,745"
East of England,E07000241,Welwyn Hatfield,"2,237","2,423","2,518","2,650","2,782","2,929","3,058","3,331","3,405","3,520","3,609","3,396","3,362","3,125","3,299","3,666","3,887","3,961","4,133","4,672","4,922"
East of England,E07000242,East Hertfordshire,"2,121","2,348","2,490","2,608","2,699","2,848","2,891","3,175","3,478","3,679","4,102","3,906","3,713","3,605","3,347","3,398","3,656","3,765","4,248","4,418","4,700"
East of England,E07000243,Stevenage,"1,710","1,825","1,901","1,917","2,034","2,170","2,249","2,477","2,532","2,601","2,668","2,487","2,421","2,332","2,432","2,633","2,759","2,833","2,708","2,884","2,936"
East of England,E07000244,East Suffolk,"2,925","3,044","3,198","3,289","3,472","3,659","3,735","3,986","4,246","4,390","4,425","4,296","4,443","4,589","4,756","4,989","5,136","5,140","5,196","5,476","5,555"
East of England,E07000245,West Suffolk,"2,848","2,977","3,165","3,351","3,507","3,638","3,759","3,956","4,220","4,346","4,509","4,445","4,588","4,780","5,006","5,207","5,235","5,432","5,862","6,011","6,098"
London,E09000001,City of London,"21,772","21,719","24,739","24,807","26,361","29,137","32,277","37,663","41,580","48,051","46,673","49,549","50,041","51,545","51,612","56,616","58,365","59,425","64,007","67,124","71,696"
London,E09000002,Barking and Dagenham,"2,623","2,588","2,551","2,540","2,526","2,619","2,745","2,792","3,106","3,280","3,332","3,165","3,537","3,585","3,660","3,975","4,020","4,070","3,967","4,016","4,060"
London,E09000003,Barnet,"4,798","5,112","5,407","5,592","5,864","6,183","6,441","6,700","7,116","7,448","7,337","7,214","7,196","7,469","8,491","8,461","9,175","9,363","9,803","10,322","10,362"
London,E09000004,Bexley,"3,775","3,985","4,088","4,238","4,394","4,591","4,682","4,891","5,114","5,296","5,324","4,823","4,968","5,082","5,733","6,398","6,582","6,696","7,174","6,929","6,848"
London,E09000005,Brent,"4,410","4,765","5,111","5,283","5,491","5,686","5,828","6,101","6,557","6,770","6,758","6,741","7,068","7,283","7,439","7,777","8,520","9,211","10,179","9,620","9,843"
London,E09000006,Bromley,"4,751","5,080","5,180","5,350","5,626","5,936","6,248","6,560","7,096","7,382","7,306","6,769","6,931","7,122","7,673","7,775","7,948","7,984","8,641","8,779","9,310"
London,E09000007,Camden,"10,089","10,771","11,772","12,324","12,681","13,508","14,430","15,554","16,141","17,665","18,214","17,939","18,551","19,678","21,127","22,739","25,391","28,964","32,724","34,015","35,406"
London,E09000008,Croydon,"5,627","5,881","6,107","6,337","6,525","6,964","7,321","7,764","8,095","8,790","8,549","8,177","8,129","8,125","8,239","8,692","9,565","9,573","9,540","9,897","10,188"
London,E09000009,Ealing,"5,185","5,539","5,921","6,101","6,314","6,615","6,807","7,070","7,479","7,818","7,787","7,193","7,560","7,885","8,205","9,061","9,607","10,184","10,592","10,400","10,396"
London,E09000010,Enfield,"4,233","4,510","4,645","4,844","5,089","5,422","5,680","5,958","6,416","6,810","6,794","6,181","6,528","6,770","7,009","7,379","7,763","8,025","8,345","8,249","8,657"
London,E09000011,Greenwich,"3,839","4,475","4,748","4,569","4,661","4,620","5,298","5,263","5,650","5,932","6,074","5,056","6,159","5,769","5,243","5,166","5,389","5,588","5,851","6,246","6,299"
London,E09000012,Hackney,"2,774","2,969","3,230","3,386","3,529","3,738","3,903","4,222","4,405","4,771","4,961","4,821","5,215","5,593","5,845","5,859","6,622","7,212","8,987","8,336","8,962"
London,E09000013,Hammersmith and Fulham,"3,931","4,252","4,571","4,800","5,021","5,322","5,616","5,900","6,007","6,533","6,962","6,670","7,064","7,364","8,489","8,795","9,605","10,330","10,530","11,213","11,437"
London,E09000014,Haringey,"2,158","2,299","2,438","2,569","2,660","2,778","2,894","3,079","3,155","3,411","3,524","3,299","3,547","3,712","3,992","4,055","4,432","4,753","4,728","4,822","4,767"
London,E09000015,Harrow,"3,193","3,406","3,586","3,717","3,923","4,177","4,384","4,552","4,845","5,122","5,068","4,652","4,854","5,134","4,751","4,861","5,537","5,700","5,927","6,186","5,992"
London,E09000016,Havering,"3,178","3,369","3,459","3,605","3,739","3,979","4,160","4,418","4,671","4,977","4,878","4,482","4,704","4,763","5,156","5,376","5,697","5,887","6,181","6,327","6,497"
London,E09000017,Hillingdon,"8,814","9,256","9,744","9,677","9,898","10,352","10,739","11,216","11,865","12,490","12,573","11,474","11,992","12,638","13,080","13,940","15,250","15,479","15,248","15,640","15,805"
London,E09000018,Hounslow,"6,579","7,070","7,741","8,018","8,263","8,446","8,599","9,111","10,368","11,168","11,659","11,285","11,846","12,353","13,604","15,036","16,771","18,065","18,447","19,185","20,362"
London,E09000019,Islington,"7,670","8,083","8,978","9,200","9,562","10,061","10,677","11,419","11,998","13,325","14,003","13,897","14,335","15,041","15,272","16,369","17,699","18,215","18,609","18,984","19,818"
London,E09000020,Kensington and Chelsea,"3,983","4,249","4,552","4,814","4,982","5,168","5,436","5,774","6,019","6,632","7,008","6,564","6,891","7,195","8,455","9,499","10,359","10,502","10,359","10,111","10,928"
London,E09000021,Kingston upon Thames,"2,792","2,981","3,129","3,240","3,361","3,554","3,765","3,934","4,178","4,437","4,499","4,198","4,233","4,352","4,570","4,389","4,852","4,963","5,507","5,400","5,673"
London,E09000022,Lambeth,"5,053","5,430","5,874","6,285","6,462","6,835","7,209","7,808","8,148","9,201","9,721","9,389","10,232","10,716","11,197","11,028","12,421","12,581","13,219","13,954","13,320"
London,E09000023,Lewisham,"2,165","2,301","2,460","2,641","2,733","2,931","3,076","3,321","3,475","3,760","3,877","3,696","4,021","4,104","4,020","4,105","4,350","4,758","4,519","4,616","4,544"
London,E09000024,Merton,"3,387","3,607","3,728","3,837","3,943","4,115","4,234","4,450","4,698","4,974","4,969","4,568","4,735","4,892","5,224","5,678","5,948","6,130","6,294","6,275","6,330"
London,E09000025,Newham,"3,027","3,186","3,467","3,660","3,834","4,019","4,132","4,365","4,548","4,820","5,058","4,876","5,166","5,401","6,010","6,236","6,450","6,795","7,026","7,274","7,436"
London,E09000026,Redbridge,"2,815","2,986","3,080","3,199","3,384","3,596","3,814","4,002","4,294","4,533","4,477","4,118","4,293","4,443","4,808","4,939","5,185","5,439","5,654","5,891","5,901"
London,E09000027,Richmond upon Thames,"3,507","3,751","4,001","4,140","4,258","4,451","4,628","4,845","5,102","5,431","5,394","5,111","5,254","5,467","6,353","6,618","7,003","7,095","7,467","7,856","8,588"
London,E09000028,Southwark,"7,178","7,634","8,463","8,807","9,081","9,471","10,003","10,855","11,426","12,604","13,146","13,118","13,858","15,765","16,319","17,122","17,043","18,009","19,402","19,851","20,901"
London,E09000029,Sutton,"2,631","2,793","2,932","3,029","3,129","3,297","3,421","3,614","3,829","4,053","4,066","3,759","3,896","3,955","4,248","4,345","4,436","4,493","4,748","4,914","4,856"
London,E09000030,Tower Hamlets,"11,091","11,166","12,585","12,842","13,684","14,909","16,372","18,703","20,432","23,368","24,182","25,798","25,631","27,823","28,318","29,293","30,952","31,799","32,492","35,880","36,078"
London,E09000031,Waltham Forest,"2,353","2,494","2,567","2,681","2,839","3,022","3,179","3,357","3,590","3,806","3,788","3,473","3,653","3,812","4,064","4,154","4,469","4,772","4,834","5,008","5,127"
London,E09000032,Wandsworth,"3,929","4,010","4,197","4,572","4,847","5,273","5,110","5,527","5,660","6,129","6,242","6,144","6,027","6,819","7,116","8,294","8,775","9,530","8,503","8,630","8,732"
London,E09000033,Westminster,"27,028","28,761","31,284","32,413","33,554","35,075","36,467","39,772","41,789","46,025","48,241","47,298","48,810","51,024","53,296","54,153","58,468","58,334","66,089","69,196","72,025"
South East,E06000035,Medway,"2,801","2,890","2,931","3,053","3,246","3,459","3,641","3,869","4,070","4,248","4,466","4,307","4,531","4,668","5,032","5,144","5,362","5,532","5,708","5,924","6,343"
South East,E06000036,Bracknell Forest,"3,084","3,266","3,348","3,479","3,706","3,987","3,969","4,118","4,291","4,539","4,700","4,592","4,827","5,050","5,000","4,840","4,966","5,447","5,425","6,090","5,804"
South East,E06000037,West Berkshire,"4,021","4,241","4,544","4,572","4,820","5,022","5,025","5,380","5,539","5,787","5,972","5,790","5,973","6,234","6,768","7,066","7,131","7,617","7,761","7,865","8,048"
South East,E06000038,Reading,"3,900","4,235","4,651","4,720","4,803","5,146","5,333","5,698","5,874","6,226","6,569","6,627","6,600","6,962","7,098","7,171","7,266","7,758","8,006","8,132","8,508"
South East,E06000039,Slough,"4,623","5,036","5,467","5,511","5,775","6,102","6,297","6,600","6,878","7,041","7,273","7,178","7,190","7,651","7,714","8,047","8,402","8,242","8,631","8,134","8,499"
South East,E06000040,Windsor and Maidenhead,"3,432","3,695","3,871","4,010","4,177","4,508","4,529","4,806","4,999","5,168","5,397","5,304","5,439","5,737","6,025","6,600","6,714","6,929","7,336","8,098","8,030"
South East,E06000041,Wokingham,"3,061","3,301","3,383","3,481","3,710","4,051","4,203","4,459","4,835","5,146","5,081","5,056","5,195","5,383","5,775","5,485","6,096","6,220","6,684","6,973","7,875"
South East,E06000042,Milton Keynes,"5,720","6,093","6,552","6,974","7,408","7,941","7,930","8,462","9,427","9,251","9,965","9,639","9,720","10,277","10,387","11,218","12,554","13,507","13,764","14,902","15,685"
South East,E06000043,Brighton and Hove,"3,657","3,883","4,075","4,343","4,562","4,745","4,933","5,288","5,558","5,822","6,102","5,986","6,086","6,355","6,922","7,485","7,874","8,124","8,474","9,093","9,429"
South East,E06000044,Portsmouth,"3,015","3,075","3,161","3,371","3,536","3,691","3,936","4,167","4,332","4,627","4,872","4,798","5,023","5,118","5,445","5,647","5,843","5,828","5,913","6,158","6,247"
South East,E06000045,Southampton,"4,544","4,451","4,530","4,669","5,120","5,462","5,814","6,171","6,412","6,931","6,738","7,195","7,665","8,237","8,310","8,319","7,445","7,921","8,112","8,318","8,521"
South East,E06000046,Isle of Wight,"1,380","1,435","1,492","1,540","1,640","1,718","1,832","1,923","2,026","2,088","2,179","2,090","2,210","2,286","2,333","2,484","2,632","2,749","2,704","2,754","2,800"
South East,E07000004,Aylesbury Vale,"2,615","2,713","2,829","2,951","2,936","3,078","3,216","3,457","3,449","3,815","3,995","3,891","3,879","4,117","4,187","4,611","4,734","4,667","4,958","4,925","5,150"
South East,E07000005,Chiltern,"1,449","1,553","1,653","1,691","1,777","1,846","1,851","1,925","1,991","2,015","2,153","2,069","2,135","2,185","2,288","2,345","2,518","2,668","2,949","2,986","3,182"
South East,E07000006,South Bucks,"1,459","1,546","1,628","1,701","1,781","1,901","1,925","2,022","2,127","2,196","2,252","2,107","2,244","2,336","2,329","2,350","2,478","2,478","2,438","2,578","2,521"
South East,E07000007,Wycombe,"3,393","3,588","3,784","3,936","4,122","4,332","4,312","4,527","4,768","4,974","5,121","5,023","5,252","5,473","5,539","5,484","5,689","5,895","5,972","5,894","5,863"
South East,E07000061,Eastbourne,"1,041","1,107","1,158","1,217","1,283","1,349","1,403","1,478","1,561","1,596","1,683","1,611","1,651","1,745","1,712","1,790","1,836","1,846","2,028","2,107","2,064"
South East,E07000062,Hastings,879,918,947,975,"1,044","1,078","1,133","1,175","1,227","1,246","1,350","1,308","1,364","1,450","1,432","1,453","1,536","1,619","1,722","1,721","1,765"
South East,E07000063,Lewes,"1,076","1,144","1,209","1,290","1,335","1,390","1,431","1,524","1,581","1,600","1,679","1,603","1,649","1,671","1,679","1,738","1,847","2,005","2,050","2,111","2,153"
South East,E07000064,Rother,793,836,867,909,946,988,"1,019","1,070","1,118","1,142","1,218","1,136","1,170","1,200","1,208","1,295","1,361","1,464","1,566","1,531","1,488"
South East,E07000065,Wealden,"1,571","1,679","1,745","1,812","1,876","1,929","1,963","2,060","2,150","2,192","2,313","2,160","2,278","2,342","2,375","2,459","2,615","2,773","2,894","3,051","2,986"
South East,E07000084,Basingstoke and Deane,"4,055","4,149","4,431","4,598","4,869","4,969","5,176","5,492","5,579","5,774","5,945","6,056","6,248","6,414","6,984","7,448","7,245","7,194","7,100","7,635","8,132"
South East,E07000085,East Hampshire,"1,690","1,776","1,864","1,970","2,078","2,159","2,288","2,452","2,545","2,605","2,662","2,630","2,842","3,018","3,117","3,082","3,018","2,959","2,700","2,913","2,894"
South East,E07000086,Eastleigh,"2,185","2,230","2,371","2,559","2,661","2,747","2,844","2,961","3,118","3,212","3,272","3,124","3,307","3,447","3,693","3,727","4,148","4,211","4,310","4,374","4,647"
South East,E07000087,Fareham,"1,558","1,596","1,664","1,737","1,782","1,831","1,904","2,004","2,082","2,169","2,238","2,130","2,250","2,352","2,568","2,698","3,153","2,974","3,097","3,165","3,244"
South East,E07000088,Gosport,669,692,722,743,766,821,853,882,916,940,983,950,991,"1,015","1,008","1,076","1,152","1,121","1,162","1,167","1,225"
South East,E07000089,Hart,"1,628","1,705","1,905","2,092","2,288","2,325","2,430","2,533","2,644","2,859","2,918","2,731","2,913","2,992","2,925","3,148","3,345","3,589","3,884","3,841","3,839"
South East,E07000090,Havant,"1,679","1,669","1,756","1,760","1,925","1,906","2,034","2,125","2,206","2,335","2,500","2,408","2,668","2,791","2,942","3,093","3,107","3,149","3,204","3,125","2,988"
South East,E07000091,New Forest,"5,198","5,228","5,574","5,414","5,392","6,056","6,585","6,488","6,091","7,103","6,123","6,356","7,210","7,318","7,384","6,931","6,812","7,283","6,950","7,410","7,369"
South East,E07000092,Rushmoor,"1,528","1,569","1,659","1,845","1,983","2,054","2,190","2,296","2,396","2,587","2,702","2,643","2,810","2,915","2,937","2,994","3,088","3,389","3,513","3,669","3,960"
South East,E07000093,Test Valley,"1,877","1,916","2,019","2,117","2,179","2,242","2,330","2,434","2,542","2,611","2,686","2,558","2,737","2,891","2,927","3,109","4,100","3,660","3,798","3,885","4,090"
South East,E07000094,Winchester,"2,300","2,382","2,540","2,668","2,800","2,887","3,092","3,297","3,426","3,668","3,821","3,735","3,916","4,129","4,325","4,443","4,840","5,215","5,673","5,804","5,754"
South East,E07000105,Ashford,"1,637","1,727","1,770","1,831","1,919","2,024","2,067","2,223","2,312","2,374","2,500","2,393","2,480","2,600","2,601","2,752","2,919","3,122","3,330","3,363","3,426"
South East,E07000106,Canterbury,"1,757","1,802","1,841","1,953","2,074","2,211","2,369","2,525","2,606","2,727","2,879","2,762","2,904","2,967","3,072","3,176","3,439","3,417","3,433","3,589","3,659"
South East,E07000107,Dartford,"1,994","2,076","2,127","2,223","2,392","2,557","2,669","2,735","2,829","2,951","3,106","2,928","3,057","3,145","3,275","3,540","3,779","4,002","4,353","4,092","4,177"
South East,E07000108,Dover,"1,363","1,415","1,448","1,465","1,529","1,623","1,740","1,793","1,793","1,883","2,009","1,939","2,075","2,139","2,276","2,344","2,435","2,547","2,553","2,605","2,725"
South East,E07000109,Gravesham,983,"1,010","1,028","1,042","1,251","1,211","1,218","1,305","1,407","1,424","1,697","1,533","1,682","1,700","1,692","1,866","1,907","2,008","2,547","2,308","2,423"
South East,E07000110,Maidstone,"2,148","2,205","2,273","2,388","2,511","2,661","2,793","2,936","3,076","3,255","3,434","3,263","3,416","3,587","3,536","3,724","3,959","4,091","4,371","4,509","4,659"
South East,E07000111,Sevenoaks,"1,799","1,861","1,887","1,994","2,093","2,192","2,310","2,464","2,562","2,681","2,742","2,547","2,692","2,893","3,332","3,402","3,489","3,807","4,025","4,303","4,408"
South East,E07000112,Folkestone and Hythe,"1,208","1,252","1,279","1,303","1,360","1,437","1,541","1,684","1,783","1,845","1,938","1,862","1,901","1,972","2,076","2,159","2,124","2,211","2,432","2,532","2,500"
South East,E07000113,Swale,"1,992","2,038","2,049","2,131","2,231","2,390","2,483","2,462","2,474","2,559","2,676","2,465","2,655","2,747","2,512","2,746","2,866","2,996","3,189","3,224","3,272"
South East,E07000114,Thanet,"1,216","1,267","1,276","1,340","1,409","1,484","1,591","1,702","1,782","1,841","1,962","1,854","1,941","1,980","2,005","2,083","2,141","2,213","2,297","2,424","2,462"
South East,E07000115,Tonbridge and Malling,"2,232","2,395","2,518","2,575","2,670","2,770","2,881","3,076","3,263","3,418","3,550","3,435","3,572","3,775","3,746","3,830","3,962","4,103","4,215","4,552","4,605"
South East,E07000116,Tunbridge Wells,"1,984","2,000","1,988","2,070","2,138","2,257","2,402","2,663","2,666","2,762","2,914","2,867","3,009","3,208","3,095","3,139","3,242","3,643","4,057","4,006","3,908"
South East,E07000177,Cherwell,"2,745","2,882","3,028","3,089","3,226","3,321","3,375","3,524","3,646","3,785","4,026","3,928","3,990","4,153","4,401","4,533","4,820","5,083","5,250","5,306","5,183"
South East,E07000178,Oxford,"2,745","2,869","3,091","3,270","3,580","3,845","3,977","4,131","4,315","4,464","4,783","4,729","4,914","5,118","5,402","5,501","6,175","6,436","6,439","6,255","6,391"
South East,E07000179,South Oxfordshire,"2,321","2,441","2,517","2,583","2,705","2,847","2,870","2,969","3,083","3,168","3,267","3,118","3,304","3,536","3,626","3,865","4,029","4,412","4,193","4,513","4,452"
South East,E07000180,Vale of White Horse,"2,283","2,398","2,492","2,555","2,685","2,826","2,877","3,039","3,170","3,303","3,443","3,418","3,585","3,701","3,896","4,175","4,192","4,214","4,276","4,431","4,508"
South East,E07000181,West Oxfordshire,"1,415","1,464","1,536","1,575","1,666","1,718","1,734","1,799","1,874","1,946","2,059","1,952","2,063","2,153","2,293","2,390","2,699","2,635","2,693","2,843","3,623"
South East,E07000207,Elmbridge,"2,605","2,786","2,929","3,067","3,093","3,162","3,203","3,289","3,539","3,628","3,751","3,580","3,728","3,883","4,029","4,325","5,260","5,707","5,993","6,287","6,422"
South East,E07000208,Epsom and Ewell,"1,109","1,189","1,248","1,307","1,380","1,416","1,455","1,501","1,642","1,687","1,732","1,725","1,755","1,786","1,828","1,653","1,816","1,879","1,904","1,914","1,895"
South East,E07000209,Guildford,"2,605","2,788","2,963","3,063","3,168","3,268","3,360","3,503","3,739","3,836","4,024","3,946","4,119","4,167","4,425","4,611","4,671","5,331","5,259","5,085","5,350"
South East,E07000210,Mole Valley,"2,412","2,542","2,505","2,778","2,823","2,687","2,812","3,053","3,290","3,435","3,643","3,584","3,659","3,761","4,510","4,899","4,888","4,341","4,527","4,444","4,370"
South East,E07000211,Reigate and Banstead,"4,040","4,174","4,317","4,548","4,634","4,824","5,224","5,626","6,087","6,657","6,590","6,637","6,697","6,776","6,939","7,445","7,061","7,328","7,110","7,114","6,736"
South East,E07000212,Runnymede,"2,455","2,655","2,799","2,922","3,086","3,217","3,288","3,351","3,671","3,866","4,169","4,277","4,348","4,353","4,994","5,216","5,766","5,562","6,071","6,579","6,518"
South East,E07000213,Spelthorne,"1,784","1,937","2,059","2,111","2,153","2,240","2,261","2,421","2,577","2,653","2,725","2,674","2,742","2,801","2,857","3,501","3,784","3,768","3,764","3,708","4,145"
South East,E07000214,Surrey Heath,"1,827","1,924","1,991","2,058","2,104","2,181","2,190","2,246","2,422","2,523","2,592","2,526","2,806","2,825","3,002","3,280","3,093","3,401","3,342","3,362","3,738"
South East,E07000215,Tandridge,"1,076","1,156","1,218","1,250","1,312","1,344","1,369","1,419","1,507","1,568","1,635","1,523","1,599","1,669","1,675","1,736","1,950","2,091","2,128","2,110","2,062"
South East,E07000216,Waverley,"2,045","2,158","2,319","2,412","2,501","2,628","2,677","2,811","3,040","3,105","3,204","3,123","3,207","3,312","3,435","3,166","3,298","3,530","3,473","3,767","3,541"
South East,E07000217,Woking,"2,088","2,243","2,368","2,453","2,580","2,654","2,718","2,843","3,149","3,194","3,267","3,292","3,341","3,401","3,049","3,266","3,731","3,540","3,388","3,662","3,703"
South East,E07000223,Adur,714,749,786,818,839,860,874,918,974,"1,006","1,042",977,"1,025","1,039","1,134","1,068","1,124","1,228","1,343","1,325","1,328"
South East,E07000224,Arun,"1,361","1,429","1,480","1,538","1,621","1,687","1,734","1,803","1,864","1,906","2,018","1,893","2,011","2,102","2,159","2,286","2,454","2,456","2,627","2,757","2,760"
South East,E07000225,Chichester,"1,880","1,951","2,077","2,116","2,181","2,281","2,315","2,442","2,561","2,584","2,746","2,697","2,762","2,916","2,988","3,077","3,107","3,383","3,508","3,627","3,635"
South East,E07000226,Crawley,"3,230","3,402","3,455","3,404","3,606","3,628","3,625","3,657","3,970","4,064","4,448","4,264","4,434","4,554","4,776","5,147","5,337","5,878","6,184","5,931","6,309"
South East,E07000227,Horsham,"2,052","2,275","2,367","2,426","2,620","2,717","2,750","2,871","3,042","3,182","3,375","3,166","3,328","3,385","3,129","3,020","3,178","3,325","3,489","3,576","3,668"
South East,E07000228,Mid Sussex,"1,829","1,938","2,055","2,127","2,195","2,266","2,327","2,432","2,585","2,677","2,807","2,713","2,857","2,931","3,029","3,096","3,199","3,446","3,552","3,756","3,655"
South East,E07000229,Worthing,"1,601","1,844","1,935","1,956","2,195","2,349","2,370","2,377","2,539","2,661","2,923","2,653","2,920","2,881","3,235","3,355","3,123","3,373","3,666","3,878","3,982"
South West,E06000022,Bath and North East Somerset,"2,485","2,587","2,753","2,898","3,069","3,210","3,325","3,404","3,573","3,716","3,832","3,721","3,910","3,962","4,095","4,126","4,353","4,366","4,390","4,534","4,595"
South West,E06000023,"Bristol, City of","7,259","7,541","7,956","8,571","8,986","9,411","9,942","10,170","10,697","11,499","11,935","12,320","12,650","12,791","13,060","13,362","14,250","14,268","15,139","16,174","15,950"
South West,E06000024,North Somerset,"2,468","2,571","2,666","2,802","2,913","3,055","3,186","3,275","3,408","3,555","3,677","3,531","3,672","3,742","3,976","4,411","4,609","4,754","5,002","5,208","5,454"
South West,E06000025,South Gloucestershire,"5,469","5,697","6,054","6,481","6,822","7,196","7,555","7,967","8,186","8,815","9,102","8,969","9,364","9,716","9,635","9,937","11,148","10,893","11,734","11,389","12,865"
South West,E06000026,Plymouth,"2,906","3,052","3,105","3,238","3,417","3,584","3,909","4,034","4,302","4,381","4,568","4,485","4,712","4,895","5,114","5,283","5,490","5,589","5,937","5,971","6,152"
South West,E06000027,Torbay,"1,355","1,442","1,481","1,539","1,627","1,678","1,859","1,938","2,055","2,111","2,125","2,020","2,098","2,134","2,076","2,195","2,267","2,283","2,399","2,497","2,364"
South West,E06000030,Swindon,"5,835","6,016","6,185","6,762","7,001","7,636","7,947","8,391","9,003","9,827","10,251","10,273","10,386","10,402","10,308","11,001","11,360","12,071","10,620","10,144","10,244"
South West,E06000052,Cornwall,"5,343","5,514","5,868","6,223","6,674","7,299","7,583","8,037","8,576","8,809","9,258","8,783","9,090","9,386","9,700","10,008","10,312","10,703","11,360","12,175","12,431"
South West,E06000053,Isles of Scilly,50,43,47,55,65,53,67,52,59,58,58,58,60,69,74,77,75,100,118,140,124
South West,E06000054,Wiltshire,"6,189","6,473","6,781","7,339","7,722","8,123","8,424","8,658","8,956","9,400","9,798","9,541","9,898","10,101","11,043","11,318","11,887","11,825","14,159","15,254","15,449"
South West,E06000058,"Bournemouth, Christchurch and Poole","5,629","6,061","6,378","6,327","6,594","7,026","7,403","7,865","8,282","8,610","8,919","8,965","8,908","9,124","9,273","9,781","9,926","10,276","10,938","11,558","11,586"
South West,E06000059,Dorset,"4,541","4,896","5,178","5,202","5,340","5,525","5,741","6,075","6,340","6,454","6,875","6,554","6,771","6,901","7,227","7,369","7,885","8,052","8,296","8,800","9,136"
South West,E07000040,East Devon,"1,540","1,616","1,652","1,702","1,802","1,921","2,095","2,205","2,288","2,346","2,396","2,287","2,404","2,515","2,724","2,567","2,703","2,753","2,837","3,036","3,112"
South West,E07000041,Exeter,"2,523","2,641","2,732","2,882","3,075","3,311","3,631","3,800","4,071","4,213","4,313","4,337","4,396","4,387","4,489","4,875","4,793","5,201","5,411","5,576","5,770"
South West,E07000042,Mid Devon,779,801,821,848,897,914,970,"1,002","1,059","1,067","1,103","1,059","1,123","1,154","1,219","1,313","1,346","1,418","1,470","1,537","1,590"
South West,E07000043,North Devon,"1,150","1,253","1,290","1,337","1,426","1,497","1,590","1,666","1,803","1,847","1,885","1,839","1,950","1,983","1,958","2,069","2,119","2,216","2,345","2,367","2,496"
South West,E07000044,South Hams,"1,152","1,205","1,238","1,291","1,379","1,469","1,561","1,625","1,723","1,748","1,777","1,682","1,781","1,897","1,859","1,909","2,027","2,067","2,132","2,117","2,301"
South West,E07000045,Teignbridge,"1,256","1,322","1,369","1,413","1,509","1,602","1,714","1,777","1,881","1,898","1,922","1,812","1,959","2,013","2,037","2,160","2,357","2,437","2,545","2,777","2,664"
South West,E07000046,Torridge,591,615,627,642,693,723,776,806,851,850,887,850,898,918,962,"1,004","1,013","1,015","1,074","1,148","1,112"
South West,E07000047,West Devon,508,525,535,557,599,623,668,699,740,749,766,729,756,769,761,810,832,856,895,929,928
South West,E07000078,Cheltenham,"1,617","1,688","1,812","1,946","2,031","2,118","2,246","2,318","2,399","2,519","2,600","2,587","3,117","3,193","3,189","2,936","3,225","3,246","2,910","3,019","3,252"
South West,E07000079,Cotswold,"1,658","1,735","1,803","1,922","1,968","2,109","2,249","2,493","2,480","2,718","2,711","2,694","2,811","2,785","2,783","3,093","3,151","3,119","3,547","3,636","4,008"
South West,E07000080,Forest of Dean,948,995,"1,048","1,084","1,088","1,149","1,137","1,170","1,240","1,291","1,330","1,235","1,330","1,420","1,625","1,662","1,780","1,727","1,498","1,678","1,731"
South West,E07000081,Gloucester,"1,844","1,921","1,998","2,136","2,290","2,416","2,553","2,645","2,774","2,941","2,983","3,019","3,176","3,129","3,206","3,127","3,327","3,512","3,473","3,599","3,564"
South West,E07000082,Stroud,"1,491","1,570","1,611","1,679","1,700","1,758","1,848","1,897","1,921","2,015","2,045","1,969","2,188","2,254","2,366","2,373","2,457","2,502","2,794","2,889","3,140"
South West,E07000083,Tewkesbury,"1,465","1,512","1,552","1,608","1,710","1,751","1,858","1,903","1,954","2,038","2,050","2,012","2,156","2,237","2,397","2,527","2,677","2,911","2,606","3,032","2,906"
South West,E07000187,Mendip,"1,382","1,495","1,604","1,704","1,870","1,912","2,011","2,104","2,240","2,306","2,450","2,352","2,398","2,499","2,429","2,367","2,434","2,490","2,641","2,685","2,649"
South West,E07000188,Sedgemoor,"1,238","1,308","1,354","1,388","1,421","1,484","1,573","1,649","1,732","1,768","1,831","1,784","1,856","1,934","2,075","2,100","2,218","2,345","2,431","2,689","2,890"
South West,E07000189,South Somerset,"2,092","2,246","2,373","2,421","2,485","2,577","2,733","2,851","3,005","3,026","3,131","3,020","3,180","3,303","3,370","3,346","3,593","3,562","3,423","3,677","3,787"
South West,E07000246,Somerset West and Taunton,"1,879","1,954","2,031","2,089","2,191","2,344","2,441","2,679","2,838","2,932","3,002","2,911","2,935","3,045","3,015","3,142","3,396","3,444","3,625","3,717","3,833"
Wales,W06000001,Isle of Anglesey,645,642,663,691,731,801,868,902,948,989,974,909,927,970,"1,028","1,016","1,018","1,056","1,140","1,176","1,244"
Wales,W06000002,Gwynedd,"1,629","1,626","1,674","1,709","1,864","1,998","2,092","2,226","2,374","2,419","2,488","2,435","2,443","2,607","2,640","2,585","2,674","2,819","2,825","2,915","3,001"
Wales,W06000003,Conwy,"1,017","1,038","1,080","1,128","1,202","1,281","1,361","1,419","1,484","1,505","1,503","1,424","1,490","1,587","1,685","1,780","1,856","1,963","2,030","2,141","2,280"
Wales,W06000004,Denbighshire,"1,021","1,035","1,084","1,136","1,232","1,311","1,395","1,455","1,523","1,554","1,571","1,502","1,567","1,650","1,656","1,750","1,837","1,827","1,910","2,015","2,051"
Wales,W06000005,Flintshire,"2,107","2,172","2,283","2,308","2,380","2,587","2,602","2,738","2,856","2,927","2,948","2,899","3,069","3,255","3,366","3,451","3,489","3,715","3,961","3,797","3,973"
Wales,W06000006,Wrexham,"1,909","1,922","2,039","2,062","2,132","2,275","2,397","2,506","2,653","2,752","2,712","2,753","2,907","2,993","3,096","3,216","3,200","3,272","3,249","3,370","3,491"
Wales,W06000008,Ceredigion,791,810,839,891,958,"1,013","1,087","1,120","1,184","1,211","1,228","1,206","1,260","1,338","1,323","1,382","1,338","1,430","1,486","1,527","1,519"
Wales,W06000009,Pembrokeshire,"2,251","2,306","2,388","2,384","2,445","2,538","2,965","2,965","3,163","3,286","3,201","3,066","3,250","3,307","3,613","3,662","3,644","3,688","3,851","3,892","3,968"
Wales,W06000010,Carmarthenshire,"1,776","1,799","1,862","1,943","2,044","2,156","2,289","2,400","2,560","2,630","2,662","2,540","2,669","2,778","3,019","3,146","3,218","3,330","3,487","3,504","3,601"
Wales,W06000011,Swansea,"2,779","2,832","2,936","3,116","3,262","3,479","3,728","3,977","4,175","4,329","4,428","4,436","4,497","4,662","4,863","5,116","5,588","5,446","5,822","5,903","6,073"
Wales,W06000012,Neath Port Talbot,"1,552","1,578","1,636","1,566","1,595","1,618","1,650","1,736","1,913","1,955","2,019","1,935","2,174","2,224","2,300","2,456","2,462","2,509","2,596","2,828","3,076"
Wales,W06000013,Bridgend,"1,867","1,884","1,987","1,979","2,105","2,252","2,358","2,457","2,620","2,671","2,685","2,509","2,669","2,832","2,860","2,987","3,143","3,183","3,190","3,424","3,563"
Wales,W06000014,Vale of Glamorgan,"1,356","1,407","1,477","1,558","1,635","1,677","1,746","1,779","1,977","1,967","2,025","2,036","2,062","2,282","2,415","2,617","2,607","2,673","2,718","2,790","2,824"
Wales,W06000015,Cardiff,"5,499","5,843","6,135","6,370","6,746","7,281","7,684","8,126","8,580","9,272","9,161","9,189","9,230","9,751","10,089","10,439","10,907","11,278","12,023","12,603","12,974"
Wales,W06000016,Rhondda Cynon Taf,"2,236","2,278","2,331","2,379","2,555","2,670","2,781","2,933","3,141","3,220","3,295","3,241","3,445","3,617","3,775","3,919","4,081","4,097","4,225","4,289","4,174"
Wales,W06000018,Caerphilly,"1,648","1,675","1,748","1,802","1,878","1,952","2,052","2,138","2,253","2,323","2,340","2,283","2,409","2,601","2,495","2,681","2,775","2,990","3,123","3,166","3,311"
Wales,W06000019,Blaenau Gwent,595,594,625,634,659,674,705,741,778,791,785,751,785,851,920,913,900,950,955,"1,048","1,087"
Wales,W06000020,Torfaen,936,958,"1,008","1,054","1,120","1,188","1,255","1,322","1,392","1,418","1,426","1,363","1,438","1,525","1,520","1,631","1,631","1,664","1,598","1,685","1,759"
Wales,W06000021,Monmouthshire,"1,425","1,516","1,630","1,729","1,779","1,904","1,978","2,027","2,138","2,182","2,195","2,128","2,118","2,172","2,267","2,370","2,365","2,516","2,495","2,521","2,675"
Wales,W06000022,Newport,"2,329","2,397","2,516","2,588","2,658","2,867","3,026","3,126","3,310","3,436","3,316","3,262","3,323","3,469","3,516","3,470","3,547","3,618","4,017","4,142","4,457"
Wales,W06000023,Powys,"1,426","1,464","1,551","1,628","1,694","1,829","1,934","1,968","2,035","2,098","2,043","2,007","2,020","2,093","2,176","2,324","2,317","2,450","2,608","2,585","2,590"
Wales,W06000024,Merthyr Tydfil,606,617,655,681,715,761,837,898,939,965,970,957,967,"1,023",946,"1,031","1,050","1,097","1,128","1,182","1,217"
Scotland,S12000005,Clackmannanshire,523,555,577,582,617,653,700,766,838,890,916,874,855,898,898,910,"1,001","1,088","1,132","1,114","1,173"
Scotland,S12000006,Dumfries and Galloway,"1,747","1,791","1,873","2,003","2,075","2,183","2,279","2,361","2,523","2,546","2,669","2,615","2,611","2,707","2,782","2,966","3,102","3,071","3,211","3,345","3,406"
Scotland,S12000008,East Ayrshire,"1,090","1,116","1,171","1,236","1,293","1,356","1,424","1,520","1,627","1,643","1,704","1,654","1,647","1,680","1,755","1,718","1,841","1,844","1,889","1,967","1,964"
Scotland,S12000010,East Lothian,902,922,954,982,"1,048","1,091","1,141","1,205","1,331","1,386","1,399","1,337","1,400","1,474","1,538","1,703","1,765","1,823","1,888","1,954","2,043"
Scotland,S12000011,East Renfrewshire,607,626,656,680,714,740,781,783,821,819,870,814,870,887,991,"1,088","1,145","1,188","1,183","1,298","1,302"
Scotland,S12000013,Na h-Eileanan Siar,314,337,344,371,387,428,467,497,511,527,550,550,606,631,623,607,615,605,591,613,645
Scotland,S12000014,Falkirk,"2,223","2,231","2,330","2,446","2,565","2,699","2,849","3,145","3,455","3,403","3,541","3,503","3,474","3,689","3,750","5,508","5,669","5,955","6,052","4,783","5,430"
Scotland,S12000017,Highland,"3,120","3,254","3,367","3,563","3,684","4,042","4,376","4,661","4,899","5,004","5,201","5,070","5,389","5,666","5,859","6,219","6,340","6,427","6,684","6,977","7,133"
Scotland,S12000018,Inverclyde,964,913,957,993,"1,083","1,114","1,203","1,235","1,265","1,263","1,330","1,292","1,283","1,354","1,312","1,322","1,438","1,411","1,469","1,483","1,379"
Scotland,S12000019,Midlothian,761,798,863,891,933,970,"1,019","1,076","1,101","1,142","1,187","1,131","1,159","1,235","1,293","1,440","1,532","1,618","1,706","1,759","1,841"
Scotland,S12000020,Moray,"1,291","1,321","1,336","1,353","1,420","1,528","1,602","1,697","1,812","1,927","2,141","2,153","2,164","2,315","2,273","2,372","2,340","2,379","2,392","2,610","2,626"
Scotland,S12000021,North Ayrshire,"1,339","1,379","1,430","1,452","1,454","1,533","1,578","1,667","1,790","1,811","1,900","1,836","1,919","1,957","2,044","2,198","2,281","2,264","2,346","2,329","2,376"
Scotland,S12000023,Orkney Islands,331,354,371,395,407,449,497,542,552,577,603,621,667,700,717,659,650,676,659,687,708
Scotland,S12000026,Scottish Borders,"1,257","1,251","1,292","1,350","1,411","1,461","1,520","1,562","1,660","1,686","1,753","1,715","1,767","1,824","1,888","1,966","2,146","2,144","2,226","2,369","2,447"
Scotland,S12000027,Shetland Islands,461,481,479,505,523,562,611,644,678,686,722,777,812,829,810,849,927,860,806,881,840
Scotland,S12000028,South Ayrshire,"1,268","1,292","1,362","1,416","1,498","1,559","1,663","1,733","1,830","1,842","1,951","1,921","1,991","2,029","1,974","1,934","2,126","2,199","2,292","2,376","2,396"
Scotland,S12000029,South Lanarkshire,"3,329","3,356","3,414","3,550","3,740","3,969","4,171","4,425","4,822","4,869","5,153","5,030","4,972","5,187","5,327","5,662","5,926","5,936","6,154","6,363","6,410"
Scotland,S12000030,Stirling,"1,486","1,547","1,627","1,737","1,811","1,963","2,077","2,260","2,311","2,533","2,484","2,454","2,455","2,380","2,516","2,700","2,673","2,674","2,683","2,919","2,959"
Scotland,S12000033,Aberdeen City,"5,724","5,757","5,906","6,377","6,602","6,694","7,011","7,426","8,446","9,480","10,329","10,222","10,634","10,981","11,843","12,640","12,873","12,333","11,263","11,084","11,599"
Scotland,S12000034,Aberdeenshire,"3,833","3,854","3,967","4,324","4,430","4,416","4,612","5,003","5,567","6,173","6,588","6,375","6,518","6,936","7,115","7,640","8,159","8,309","8,138","8,290","8,410"
Scotland,S12000035,Argyll and Bute,"1,060","1,119","1,156","1,228","1,259","1,360","1,469","1,588","1,650","1,699","1,775","1,774","1,801","1,903","2,013","1,997","2,073","2,015","2,041","2,189","2,190"
Scotland,S12000036,City of Edinburgh,"10,290","10,417","11,189","11,956","12,899","14,036","15,219","16,470","17,169","18,417","18,246","18,775","18,349","18,731","19,787","20,726","21,537","22,084","23,886","25,162","26,560"
Scotland,S12000038,Renfrewshire,"2,483","2,479","2,579","2,714","2,828","2,931","3,085","3,194","3,406","3,400","3,592","3,496","3,549","3,709","3,727","3,872","4,179","4,358","4,202","4,354","4,599"
Scotland,S12000039,West Dunbartonshire,"1,006","1,030","1,085","1,172","1,216","1,283","1,379","1,452","1,541","1,539","1,607","1,572","1,595","1,672","1,659","1,669","1,841","1,859","1,897","2,071","2,055"
Scotland,S12000040,West Lothian,"4,358","4,692","4,795","4,738","4,933","5,209","5,589","5,680","6,033","6,297","6,518","6,444","6,655","6,828","4,361","4,216","4,442","4,923","4,998","5,192","5,345"
Scotland,S12000041,Angus,"1,169","1,211","1,259","1,307","1,373","1,438","1,503","1,603","1,803","1,847","1,862","1,780","1,811","1,867","2,082","2,148","2,295","2,211","2,410","2,158","2,240"
Scotland,S12000042,Dundee City,"2,093","2,129","2,301","2,388","2,499","2,661","2,817","2,951","3,073","3,138","3,196","3,144","3,237","3,350","5,728","4,278","4,309","3,860","3,854","3,974","4,015"
Scotland,S12000044,North Lanarkshire,"3,913","3,965","4,146","4,407","4,580","4,817","5,094","5,363","5,673","5,685","6,019","5,834","5,921","6,093","6,441","6,783","7,546","7,600","7,862","8,416","8,659"
Scotland,S12000045,East Dunbartonshire,980,"1,003","1,032","1,083","1,222","1,394","1,498","1,413","1,363","1,358","1,466","1,511","1,478","1,498","1,288","1,322","1,435","1,519","1,556","1,637","1,729"
Scotland,S12000046,Glasgow City,"11,336","11,589","11,978","12,689","13,074","13,796","14,875","16,110","16,995","17,730","18,190","17,926","17,529","18,244","18,778","19,602","20,045","20,275","20,941","21,658","22,510"
Scotland,S12000047,Fife,"4,542","4,629","4,806","4,922","5,150","5,446","5,644","5,842","6,365","6,681","6,954","6,711","6,838","7,058","6,914","7,325","7,691","7,985","8,237","9,845","9,559"
Scotland,S12000048,Perth and Kinross,"2,519","2,447","2,411","2,441","2,585","2,705","2,845","3,005","3,416","3,474","3,527","3,636","3,644","3,787","4,028","4,394","4,606","4,751","4,832","4,825","4,752"
Northern Ireland,N09000001,Antrim and Newtownabbey,"1,638","1,768","1,911","2,018","2,095","2,240","2,318","2,428","2,610","2,738","2,725","2,610","2,682","2,822","2,872","2,922","3,151","3,254","3,390","3,596","3,578"
Northern Ireland,N09000002,"Armagh City, Banbridge and Craigavon","2,084","2,201","2,331","2,486","2,555","2,712","2,862","3,017","3,236","3,412","3,401","3,312","3,398","3,518","3,583","3,796","3,929","4,086","4,389","4,547","4,584"
Northern Ireland,N09000003,Belfast,"6,582","7,017","7,484","7,849","8,233","8,986","9,450","10,030","10,648","11,115","11,239","11,269","11,071","11,469","11,770","12,169","12,497","13,012","13,654","14,731","15,156"
Northern Ireland,N09000004,Causeway Coast and Glens,"1,329","1,421","1,549","1,577","1,644","1,774","1,840","1,943","2,091","2,139","2,139","2,071","2,142","2,279","2,340","2,364","2,435","2,373","2,489","2,677","2,650"
Northern Ireland,N09000005,Derry City and Strabane,"1,534","1,591","1,634","1,717","1,781","1,871","1,969","2,132","2,286","2,355","2,395","2,362","2,377","2,489","2,580","2,667","2,686","2,667","2,970","3,157","3,217"
Northern Ireland,N09000006,Fermanagh and Omagh,"1,175","1,244","1,314","1,389","1,443","1,564","1,654","1,799","1,913","1,955","1,952","1,877","1,883","1,920","2,016","2,056","2,167","2,195","2,331","2,478","2,445"
Northern Ireland,N09000007,Lisburn and Castlereagh,"1,602","1,702","1,835","1,958","2,010","2,143","2,198","2,322","2,489","2,563","2,561","2,514","2,542","2,653","2,847","3,022","3,068","3,284","3,366","3,494","3,742"
Northern Ireland,N09000008,Mid and East Antrim,"2,455","2,552","2,737","2,673","2,780","2,897","3,026","3,100","3,219","3,239","3,469","3,671","3,631","3,556","3,812","3,788","3,805","4,578","4,764","4,813","4,147"
Northern Ireland,N09000009,Mid Ulster,"1,669","1,780","1,929","2,014","2,056","2,234","2,304","2,419","2,606","2,726","2,604","2,385","2,521","2,605","2,697","2,823","2,966","3,006","3,188","3,453","3,635"
Northern Ireland,N09000010,"Newry, Mourne and Down","1,433","1,529","1,635","1,739","1,810","1,931","2,022","2,152","2,322","2,398","2,431","2,328","2,361","2,502","2,663","2,738","2,909","2,965","3,136","3,345","3,314"
Northern Ireland,N09000011,Ards and North Down,"1,174","1,241","1,314","1,390","1,454","1,545","1,591","1,702","1,833","1,897","1,904","1,787","1,813","1,914","2,006","1,981","2,087","2,080","2,238","2,378","2,419"
